subreddit,year,month,comments_count,submissions_count,distinct_authors_comments,distinct_authors_submissions,percent_distinct_authors_comments,percent_distinct_authors_submissions
Libertarian,2022,12,12659,552,3562,259,28.138083576901806,46.92028985507246
finance,2021,2,4943,985,2312,362,46.77321464697552,36.751269035533
Conservative,2022,2,203812,14116,27225,2761,13.357898455439326,19.55936525928025
socialism,2021,7,15061,1746,3911,788,25.967731226346192,45.131729667812145
socialism,2022,4,19905,1382,5480,676,27.530771163024365,48.914616497829236
centrist,2021,2,26016,677,2335,231,8.975246002460025,34.12112259970458
socialism,2021,2,12190,1954,3727,939,30.574241181296145,48.05527123848516
socialism,2021,9,13754,1601,4026,638,29.27148465900829,39.85009369144285
Libertarian,2023,3,19069,702,4695,350,24.62111280088101,49.85754985754986
centrist,2021,7,36968,465,2723,182,7.365829906946549,39.13978494623656
Conservative,2022,9,131923,9907,19807,2168,15.014061232688766,21.883516705359845
Economics,2022,9,71902,6675,11607,505,16.142805485243805,7.5655430711610485
Liberal,2021,10,2364,344,595,148,25.16920473773266,43.02325581395349
changemyview,2022,8,148335,2084,15983,1099,10.774935113088617,52.73512476007678
Conservative,2022,3,197741,12029,25880,2444,13.087827006033145,20.317565882450744
finance,2022,5,5337,869,2653,299,49.70957466741615,34.407364787111625
Conservative,2023,2,100924,7158,17065,1676,16.908763029606437,23.414361553506566
Economics,2021,3,52554,1431,8718,541,16.588651672565362,37.80573025856045
Economics,2021,8,30593,828,5197,376,16.987546170692642,45.410628019323674
centrist,2021,3,24945,525,2324,204,9.316496291842052,38.857142857142854
centrist,2022,4,26087,358,2140,155,8.203319661133898,43.296089385474865
changemyview,2023,3,137444,2025,14495,1042,10.546113326154652,51.456790123456784
socialism,2021,11,10767,1432,3395,596,31.53153153153153,41.62011173184357
Conservative,2022,11,186733,9832,29090,2541,15.5783926783161,25.844182262001624
finance,2022,4,3890,799,1842,264,47.35218508997429,33.04130162703379
Liberal,2022,9,3340,299,1044,127,31.257485029940117,42.474916387959865
finance,2021,11,4032,763,1844,219,45.73412698412698,28.70249017038008
changemyview,2021,5,154156,3013,19657,1588,12.751368743350891,52.70494523730501
centrist,2022,8,39695,550,2671,161,6.72880715455347,29.272727272727273
socialism,2022,1,16572,1717,5483,707,33.085928071445814,41.17647058823529
Ask_Politics,2022,1,1672,155,400,89,23.923444976076556,57.41935483870968
Ask_Politics,2022,7,952,172,276,120,28.991596638655466,69.76744186046511
Liberal,2021,9,3503,419,807,161,23.03739651727091,38.424821002386636
Conservative,2021,9,190941,12371,24675,2561,12.922840039593384,20.701640934443457
Economics,2021,12,34304,1048,6230,394,18.1611473880597,37.595419847328245
Libertarian,2022,6,61677,1183,10938,589,17.734325599494138,49.78867286559594
Conservative,2022,4,158387,11706,22672,2397,14.314306098354033,20.476678626345464
centrist,2023,3,48077,503,2794,168,5.811510701582877,33.39960238568588
changemyview,2023,2,123953,1965,14216,1013,11.468863198147684,51.55216284987277
changemyview,2022,5,147702,2324,15580,1168,10.548266103370299,50.25817555938038
finance,2022,9,4368,2472,2134,408,48.85531135531135,16.50485436893204
socialism,2022,6,15990,1298,5315,656,33.239524702939335,50.53929121725732
socialism,2023,3,10601,1222,3401,610,32.081879068012455,49.91816693944354
Economics,2021,1,50769,1358,10084,472,19.862514526581183,34.75699558173785
Liberal,2021,2,4124,546,1049,218,25.4364694471387,39.92673992673993
Conservative,2022,5,184703,11992,28090,2854,15.208199108839596,23.799199466310874
Conservative,2022,12,89085,7026,15610,2000,17.522590784082617,28.465698832906348
changemyview,2021,10,143391,2222,16189,944,11.290108863178302,42.484248424842484
centrist,2021,1,50853,1194,3621,463,7.120523862898944,38.77721943048576
socialism,2022,10,12169,1081,3805,554,31.267976004601856,51.24884366327475
Ask_Politics,2022,2,1355,153,342,97,25.239852398523986,63.39869281045751
Economics,2022,4,51321,984,8163,421,15.905769568013095,42.78455284552846
changemyview,2021,8,189019,2801,23352,1183,12.354313587522947,42.23491610139236
Economics,2022,1,38802,1177,6940,436,17.885675996082675,37.043330501274426
centrist,2022,12,29563,393,2241,159,7.58042147278693,40.458015267175576
Ask_Politics,2021,12,1411,119,314,79,22.2537207654146,66.38655462184873
finance,2021,9,4173,849,1830,242,43.853342918763474,28.504122497055363
finance,2022,12,3525,1213,1824,574,51.744680851063826,47.32069249793899
Economics,2022,11,63649,1374,11852,502,18.620873855048785,36.53566229985444
Liberal,2022,3,2200,282,587,115,26.681818181818183,40.78014184397163
Libertarian,2021,5,127964,2767,12051,921,9.417492419743052,33.28514636790748
Libertarian,2021,12,163842,2403,16767,852,10.233639726077563,35.45568039950062
Ask_Politics,2023,3,411,83,121,59,29.44038929440389,71.08433734939759
Libertarian,2021,2,133733,3000,14453,1062,10.807354953526803,35.4
Conservative,2021,10,166241,12468,21332,2338,12.83197285868107,18.75200513314084
Libertarian,2022,11,13313,630,3626,310,27.236535716968373,49.2063492063492
Ask_Politics,2021,2,6407,465,1356,277,21.164351490557205,59.56989247311828
Conservative,2021,2,303207,15633,41318,3649,13.626994099740442,23.341649075673253
Economics,2023,3,92302,1644,19663,568,21.302897011982406,34.54987834549878
Liberal,2022,4,2731,276,753,139,27.572317832295862,50.36231884057971
finance,2023,1,4438,897,1956,416,44.07390716538981,46.3768115942029
finance,2022,3,5282,1082,2587,274,48.977659977281334,25.32347504621072
Conservative,2022,6,214024,12623,31054,3115,14.509587709789557,24.6771765824289
Economics,2021,6,34396,1076,6847,501,19.90638446330969,46.56133828996282
Liberal,2022,5,3140,316,755,174,24.044585987261147,55.06329113924051
socialism,2021,12,12312,1701,3816,658,30.994152046783626,38.68312757201646
Economics,2022,12,75324,1224,14589,480,19.368328819499762,39.21568627450981
centrist,2022,5,41415,549,2702,185,6.524206205481106,33.697632058287795
finance,2021,6,4499,983,2007,329,44.60991331406979,33.46897253306205
socialism,2021,5,12878,1861,3479,801,27.01506445100171,43.0413756045137
changemyview,2022,10,123030,2021,14835,1042,12.05803462570105,51.558634339435926
Liberal,2021,4,4758,671,1007,195,21.164354770912148,29.06110283159464
finance,2023,2,3099,774,1580,360,50.98418844788641,46.51162790697674
Ask_Politics,2021,4,5873,389,1252,222,21.317895453771495,57.0694087403599
Liberal,2021,1,5764,1058,1393,384,24.167244968771687,36.29489603024575
Libertarian,2021,3,151356,3518,15857,1113,10.476624646528714,31.637293916998292
Ask_Politics,2021,6,3747,265,757,175,20.202828929810515,66.0377358490566
Economics,2021,9,38416,1061,5834,391,15.186380674718865,36.85202639019793
Economics,2022,6,73628,1223,11946,514,16.224805780409625,42.027800490596896
Economics,2021,5,48985,1132,8787,478,17.938144329896907,42.226148409893995
Liberal,2021,6,5065,446,1212,171,23.928923988153997,38.34080717488789
Ask_Politics,2022,11,599,149,198,108,33.0550918196995,72.48322147651007
Conservative,2021,3,283114,17837,38518,3308,13.605120198930464,18.54571957167685
Libertarian,2022,10,15853,665,4003,366,25.250741184633824,55.037593984962406
finance,2021,4,4963,675,2294,290,46.2220431190812,42.96296296296296
Conservative,2021,12,198430,13818,26257,2495,13.232374136975256,18.056158633666232
centrist,2022,11,20152,332,2012,120,9.984120682810639,36.144578313253014
changemyview,2021,12,152455,2229,18029,1038,11.825784657767866,46.56796769851951
Liberal,2021,3,3998,600,941,209,23.536768384192097,34.833333333333336
changemyview,2022,2,111109,1779,12681,860,11.413116849220135,48.34176503653738
Liberal,2021,8,3804,447,968,162,25.44689800210305,36.241610738255034
finance,2021,8,3947,774,1733,250,43.9067646313656,32.299741602067186
Ask_Politics,2022,6,1443,174,383,115,26.541926541926543,66.0919540229885
centrist,2022,6,40684,523,2716,169,6.675843083275981,32.313575525812624
Libertarian,2021,10,146879,2190,13521,817,9.205536530068969,37.30593607305936
centrist,2023,1,30756,399,2090,148,6.795422031473533,37.092731829573935
socialism,2021,3,11754,1895,3550,856,30.202484260677213,45.17150395778364
Economics,2023,2,71204,1100,15822,422,22.22066176057525,38.36363636363636
Economics,2022,3,52738,1234,8514,442,16.143956919109563,35.81847649918963
centrist,2022,9,22577,345,1826,129,8.08787704300837,37.391304347826086
changemyview,2021,11,160425,2352,18058,1032,11.256350319463925,43.87755102040816
socialism,2021,10,13312,1576,3987,637,29.950420673076923,40.41878172588832
Libertarian,2022,3,103709,1785,11207,763,10.806198112024994,42.745098039215684
changemyview,2021,9,163666,2386,18898,1077,11.546686544548043,45.138306789606034
Conservative,2023,3,114062,8942,18717,1722,16.40949658957409,19.257436815030193
changemyview,2021,3,175869,3323,24180,1626,13.748869897480512,48.93168823352392
Ask_Politics,2022,10,525,143,154,90,29.333333333333332,62.93706293706294
socialism,2022,12,10369,1077,3193,589,30.79371202623204,54.68895078922934
Libertarian,2022,1,145100,2226,13002,827,8.960716747070986,37.151841868823
socialism,2023,1,12011,1247,3361,665,27.982682541004078,53.32798716920609
centrist,2021,5,47499,677,3360,259,7.073833133329123,38.25701624815362
socialism,2022,2,17906,1525,5019,670,28.029710711493355,43.9344262295082
socialism,2022,7,14680,1164,5172,613,35.23160762942779,52.66323024054983
Ask_Politics,2022,5,1422,126,421,96,29.60618846694796,76.19047619047619
Economics,2021,10,32879,852,5447,402,16.566805559779798,47.183098591549296
Economics,2022,5,57251,1110,9615,477,16.794466472201357,42.972972972972975
changemyview,2022,1,118858,2030,14915,941,12.548587389994784,46.354679802955665
Libertarian,2022,7,35378,872,6383,462,18.04228616654418,52.981651376146786
centrist,2021,12,27789,336,2341,143,8.424196624563676,42.55952380952381
socialism,2023,2,9635,1102,3238,528,33.60664244940322,47.91288566243194
Conservative,2022,8,142394,11237,20707,2612,14.54204531089793,23.244638248642875
Liberal,2022,1,1827,296,471,122,25.779967159277504,41.21621621621622
finance,2022,8,5011,3614,2409,333,48.07423667930553,9.214167127836193
Ask_Politics,2021,10,1146,132,339,73,29.581151832460733,55.3030303030303
Liberal,2023,1,2821,261,914,121,32.399858206309816,46.36015325670498
Conservative,2023,1,105566,6980,17622,1645,16.692874599776445,23.567335243553007
Liberal,2023,2,3137,267,939,121,29.9330570608862,45.31835205992509
Ask_Politics,2022,8,1125,151,342,103,30.4,68.21192052980133
Conservative,2021,4,285126,16623,36561,3453,12.822752046463668,20.77242375022559
centrist,2021,4,34946,656,2942,240,8.4187031419905,36.58536585365854
finance,2022,6,8398,868,3925,281,46.73731840914503,32.373271889400925
centrist,2022,7,41656,507,2788,189,6.692913385826772,37.278106508875744
finance,2021,5,3648,750,1835,316,50.301535087719294,42.13333333333333
Liberal,2021,12,1941,400,485,126,24.987120041215867,31.5
Libertarian,2023,1,13042,514,3629,229,27.825486888514035,44.55252918287938
finance,2022,7,6239,783,2889,262,46.3054976759096,33.4610472541507
changemyview,2022,7,151954,2311,16812,1140,11.063874593627018,49.32929467762873
finance,2021,3,4898,777,2204,315,44.997958350347076,40.54054054054054
finance,2021,7,4123,982,1822,271,44.19112296871211,27.596741344195518
Ask_Politics,2021,8,2024,185,488,115,24.110671936758894,62.16216216216216
Ask_Politics,2021,7,2615,205,608,127,23.250478011472275,61.951219512195124
Conservative,2022,10,147182,10166,22718,2263,15.435311383185443,22.260476096793234
Economics,2022,8,58406,4480,9693,476,16.595897681745026,10.625
Economics,2021,2,41956,1348,6834,541,16.28849270664506,40.13353115727003
Liberal,2022,10,4101,326,1280,176,31.21189953669837,53.987730061349694
Conservative,2021,7,182363,13868,23477,2407,12.873773736997087,17.356504182290163
centrist,2022,2,28970,445,2302,183,7.946151190887124,41.12359550561798
socialism,2022,5,14817,1376,4511,699,30.444759397988797,50.79941860465116
Libertarian,2022,4,89069,1457,9462,697,10.623224690969922,47.83802333562114
Libertarian,2021,8,185855,2793,14775,962,7.949745769551532,34.44325098460437
Liberal,2021,7,4886,426,1150,147,23.536635284486287,34.50704225352113
finance,2021,12,5109,830,2348,245,45.95811313368565,29.518072289156628
socialism,2022,11,11190,1049,3423,517,30.58981233243968,49.285033365109626
Economics,2021,11,32985,765,5282,366,16.013339396695468,47.84313725490196
Libertarian,2022,9,19850,599,4421,280,22.272040302267,46.744574290484145
Ask_Politics,2023,1,396,100,145,62,36.61616161616162,62.0
Liberal,2022,7,3198,339,908,157,28.392745465916196,46.312684365781706
finance,2022,10,6216,1175,2897,551,46.605534105534105,46.8936170212766
centrist,2021,8,34856,515,2442,199,7.005967408767501,38.640776699029125
centrist,2021,9,35482,401,2630,186,7.412209007384026,46.38403990024938
finance,2021,10,4712,866,2025,261,42.97538200339559,30.138568129330256
Libertarian,2023,2,15425,547,3822,278,24.777957860615885,50.822669104204756
Ask_Politics,2021,1,8282,1027,1659,592,20.031393383240765,57.64362220058422
Libertarian,2022,2,127885,2207,12827,823,10.030105172616022,37.290439510647936
Ask_Politics,2021,3,6200,398,1171,244,18.887096774193548,61.30653266331658
Ask_Politics,2022,9,627,130,208,87,33.17384370015949,66.92307692307692
changemyview,2022,3,111208,2072,13734,990,12.349830947413855,47.77992277992278
changemyview,2022,12,134432,2012,16014,1077,11.912342299452511,53.52882703777336
Ask_Politics,2022,4,1055,124,311,83,29.47867298578199,66.93548387096774
Liberal,2022,8,5128,332,1490,155,29.05616224648986,46.68674698795181
socialism,2021,6,10972,1553,3429,781,31.252278527160044,50.289761751448815
Liberal,2021,11,2595,350,557,141,21.464354527938344,40.285714285714285
Conservative,2021,11,228750,14527,28425,2870,12.426229508196721,19.75631582570386
Liberal,2022,6,2929,353,847,163,28.917719358142712,46.1756373937677
finance,2022,2,4573,783,2265,261,49.52984911436694,33.33333333333333
centrist,2021,10,29474,407,2259,162,7.664382167333922,39.80343980343981
socialism,2022,3,13934,1338,4250,601,30.500932969714366,44.91778774289985
Libertarian,2021,7,150923,2877,13639,845,9.037058632547723,29.370872436565865
socialism,2022,9,16019,1287,4984,639,31.1130532492665,49.65034965034965
centrist,2022,10,31963,431,2288,139,7.15827675750086,32.25058004640371
Ask_Politics,2022,3,1320,186,370,132,28.030303030303028,70.96774193548387
Conservative,2022,7,195359,12435,29056,3029,14.873131004970336,24.358665058303178
changemyview,2022,11,122276,1977,15169,928,12.405541561712846,46.93980778958017
Liberal,2022,2,1915,295,475,117,24.804177545691903,39.66101694915255
finance,2022,11,6372,1261,3004,629,47.14375392341494,49.88104678826328
socialism,2021,8,15370,1585,4078,704,26.53220559531555,44.41640378548896
changemyview,2022,4,134384,2050,14279,959,10.625520895344684,46.78048780487805
changemyview,2023,1,128046,2045,14158,1102,11.056963903597145,53.88753056234719
Ask_Politics,2021,11,678,108,219,74,32.30088495575221,68.51851851851852
Conservative,2021,5,257106,15437,34888,3668,13.569500517296367,23.761093476711796
Ask_Politics,2023,2,263,85,100,61,38.02281368821293,71.76470588235294
Libertarian,2022,5,99707,1310,11784,733,11.81862858174451,55.954198473282446
changemyview,2021,1,158141,3507,21858,1630,13.821842532929473,46.47847162817222
Libertarian,2021,1,186529,4448,21557,1581,11.556916082753887,35.544064748201436
changemyview,2021,4,180386,3414,28253,1709,15.66252369917843,50.05858230814294
Liberal,2023,3,3239,318,908,137,28.033343624575487,43.08176100628931
Libertarian,2021,11,173766,2384,15607,849,8.98161895882969,35.61241610738255
Ask_Politics,2021,5,6479,407,1263,241,19.49374903534496,59.21375921375921
Economics,2021,7,24380,939,4635,414,19.011484823625924,44.08945686900959
changemyview,2021,7,168407,2822,21089,1155,12.522638607658825,40.92841956059532
Economics,2022,10,73032,1593,12316,541,16.863840508270346,33.961079723791585
Libertarian,2021,4,139816,3233,13864,1074,9.915889454711907,33.219919579338075
Libertarian,2021,9,208282,2860,19183,981,9.210109370949002,34.3006993006993
centrist,2023,2,33565,398,2302,145,6.858334574705795,36.4321608040201
changemyview,2022,6,144730,2321,16069,1163,11.102743038761833,50.10771219302025
centrist,2022,3,26440,372,2354,158,8.903177004538577,42.473118279569896
Economics,2021,4,48990,1455,8716,568,17.79138599714227,39.03780068728523
Liberal,2021,5,4245,744,929,194,21.88457008244994,26.0752688172043
Economics,2022,2,37359,936,6785,408,18.16162102840012,43.58974358974359
centrist,2022,1,37419,459,2478,158,6.622304177022369,34.42265795206972
changemyview,2021,2,145864,3031,22135,1360,15.175094608676575,44.86967997360607
finance,2022,1,6288,885,2742,268,43.60687022900763,30.282485875706218
Conservative,2021,8,198848,15331,23991,3100,12.064994367557128,20.220468332137497
Ask_Politics,2021,9,1566,176,364,108,23.243933588761177,61.36363636363637
Conservative,2021,1,355752,21493,49577,6223,13.9358317029841,28.9536128041688
centrist,2021,11,29814,453,2332,174,7.821828671094116,38.41059602649007
changemyview,2021,6,163908,2744,20858,1436,12.725431339531932,52.332361516034986
socialism,2021,1,17527,2349,4880,1077,27.842756889370683,45.84929757343551
Economics,2023,1,80250,1301,16664,458,20.765109034267912,35.20368946963874
changemyview,2022,9,116439,1772,14625,868,12.560224666993017,48.98419864559819
Conservative,2021,6,203350,13853,28370,3172,13.951315465945413,22.89756731393922
Economics,2022,7,60048,1256,10052,507,16.73994138022915,40.36624203821656
Liberal,2022,11,6279,361,1589,182,25.30657748049052,50.41551246537396
finance,2021,1,6407,948,2784,368,43.452473856719216,38.81856540084388
socialism,2021,4,14838,1832,4016,814,27.06564226984769,44.43231441048035
Conservative,2022,1,206538,14530,27536,2610,13.332171319563471,17.962835512732276
Liberal,2022,12,3364,314,949,156,28.210463733650414,49.681528662420384
Libertarian,2022,8,25285,757,5030,388,19.893217322523235,51.2549537648613
centrist,2021,6,44210,724,3089,274,6.987106989368922,37.84530386740331
finance,2023,3,8628,1247,3466,577,40.17153453871117,46.271050521251
socialism,2022,8,14836,1144,4381,598,29.529522782421136,52.27272727272727
Libertarian,2021,6,140937,2674,14616,936,10.370591115179122,35.0037397157816
Ask_Politics,2022,12,556,96,174,67,31.294964028776977,69.79166666666666
