subreddit,year,month,avg_comments_score,normalized_comments_score,avg_submissions_score,normalized_submissions_score,controversial_comments,total_gilded_submissions,total_distinguished_submissions,total_gilded_comments,total_distinguished_comments
Libertarian,2022,12,6.518208389288254,0.3992003273458535,84.69746376811594,0.21898581290376407,937,552,0,12659,485
finance,2021,2,7.826623507991099,0.5120495475722208,35.19695431472081,0.08653115248681788,213,985,0,4943,15
Conservative,2022,2,10.692275234039213,0.7592085402361672,115.03187871918391,0.3001553740993583,11030,14116,0,203812,163
socialism,2021,7,8.06188168116327,0.5323402802417418,91.14604810996563,0.23624109085143688,438,1746,0,15061,187
socialism,2022,4,7.386184375784978,0.4740622055458507,160.01664254703329,0.42052669315344204,790,1382,1,19905,262
centrist,2021,2,3.947839790897909,0.17750914701903273,22.186115214180205,0.05171643454085073,2197,677,0,26016,142
socialism,2021,2,6.770549630844955,0.420964453985462,88.91811668372569,0.23027953805625417,356,1954,0,12190,138
socialism,2021,9,9.871964519412535,0.688457734038873,104.35477826358526,0.2715853304634348,431,1601,1,13754,115
Libertarian,2023,3,6.753998636530494,0.41953695075987285,83.38888888888889,0.21548429659267734,1948,702,0,19069,463
centrist,2021,7,3.3453797879246916,0.1255477010060085,38.99784946236559,0.09670167965150704,4024,465,1,36968,236
Conservative,2022,9,12.743805098428629,0.9361505077800548,96.07812657716767,0.24943846570144806,11098,9907,0,131923,203
Economics,2022,9,6.887346666295792,0.43103805691695773,50.132134831460675,0.1264950697364592,4503,6675,1,71902,6580
Liberal,2021,10,5.824450084602369,0.33936451332149026,50.19186046511628,0.1266548850315217,34,344,0,2364,17
changemyview,2022,8,3.3678565409377423,0.12748629374655868,62.89443378119002,0.16064473793568226,7347,2084,1,148335,5282
Conservative,2022,3,9.447757420059572,0.6518703851981393,104.16817690581095,0.27108601803715343,12738,12029,1,197741,178
finance,2022,5,7.737680344762976,0.504378307404413,35.927502876869966,0.08848597199849702,308,869,0,5337,11
Conservative,2023,2,11.492202053030002,0.8282012601084072,77.0480581167924,0.1985173482530829,11533,7158,0,100924,91
Economics,2021,3,5.79036800243559,0.33642497498901897,171.7393431167016,0.4518945788635246,3924,1431,0,52554,1909
Economics,2021,8,6.776648252868303,0.4214904527529422,148.81521739130434,0.39055364880356913,2518,828,2,30593,1762
centrist,2021,3,4.064221286831028,0.18754691017011213,32.69904761904762,0.07984719333605168,2170,525,0,24945,140
centrist,2022,4,3.36109939816767,0.12690349836177522,23.55586592178771,0.05538164661311921,3292,358,0,26087,90
changemyview,2023,3,3.0328861208928726,0.0985955004802457,45.15308641975309,0.11317201157292284,5621,2025,1,137444,4579
socialism,2021,11,9.32172378564131,0.6410001367860786,106.69832402234637,0.27785624688583105,252,1432,2,10767,112
Conservative,2022,11,12.010972886420719,0.8729446165458994,102.41771765663141,0.26640209684151256,21150,9832,1,186733,289
finance,2022,4,6.5419023136246786,0.40124389963972834,29.86232790988736,0.07225663012924999,258,799,0,3890,10
Liberal,2022,9,5.731736526946108,0.3313680811981026,68.47491638795987,0.17557712826468072,71,299,0,3340,6
finance,2021,11,7.215029761904762,0.4593003272715643,32.566186107470514,0.07949167928997916,256,763,0,4032,14
changemyview,2021,5,3.4098834946417913,0.1311110676323064,99.59376037172254,0.2588456836381953,5141,3013,2,154156,6800
centrist,2022,8,3.386194734853256,0.12906794077443565,24.376363636363635,0.05757715424237615,4106,550,0,39695,156
socialism,2022,1,8.409304851556843,0.5623051081522877,136.05882352941177,0.3564197815812004,396,1717,1,16572,153
Ask_Politics,2022,1,2.7338516746411483,0.07280414145514821,8.064516129032258,0.013929518163180233,42,155,3,1672,150
Ask_Politics,2022,7,2.4002100840336134,0.04402795811933323,4.290697674418604,0.003831443468581875,5,172,0,952,171
Liberal,2021,9,4.19411932629175,0.19875045883944353,49.95226730310262,0.12601377585379456,90,419,0,3503,23
Conservative,2021,9,10.633237492209636,0.75411660646518,110.34006951741978,0.28760091756096906,14065,12371,0,190941,327
Economics,2021,12,6.493878264925373,0.3971018835697806,132.48664122137404,0.3468612497643908,2630,1048,0,34304,198
Libertarian,2022,6,5.591598164631873,0.3192813170779815,77.72696534234996,0.20033398462731053,4172,1183,0,61677,1314
Conservative,2022,4,11.008517113146912,0.7864840195164781,96.7532034853921,0.25124485281991554,7988,11706,0,158387,191
centrist,2023,3,3.718472450444079,0.15772649154095203,28.970178926441353,0.06986939630178966,5954,503,0,48077,205
changemyview,2023,2,3.300759158713383,0.1216992257472557,36.497201017811705,0.09001038406277383,5111,1965,2,123953,4851
changemyview,2022,5,3.297362256435255,0.12140624703752328,55.8855421686747,0.14189017624154548,6521,2324,2,147702,5022
finance,2022,9,6.399954212454213,0.3890010477338428,13.096278317152104,0.027393629124578267,272,2472,0,4368,14
socialism,2022,6,8.62151344590369,0.5806078425483229,205.81124807395994,0.5430650062127846,372,1298,0,15990,770
socialism,2023,3,9.06527686067352,0.618881899921959,117.6227495908347,0.30708808904064105,253,1222,1,10601,1792
Economics,2021,1,6.170694715279009,0.36922769360800545,246.18114874815905,0.6510877628250429,3342,1358,1,50769,2537
Liberal,2021,2,5.120514064015519,0.2786508836202124,44.57875457875458,0.11163520054196324,82,546,0,4124,0
Conservative,2022,5,10.246498432618854,0.7207608307010127,98.05428619079386,0.2547263213910745,13550,11992,0,184703,249
Conservative,2022,12,13.484099455576136,1.0,92.36122971818958,0.23949270318915963,11440,7026,0,89085,148
changemyview,2021,10,4.030092544162465,0.18460334742584183,76.00225022502251,0.1957189502023282,6377,2222,0,143391,5710
centrist,2021,1,4.017481761154701,0.18351568265605459,27.110552763819097,0.06489336363884289,4179,1194,0,50853,258
socialism,2022,10,8.993425918317035,0.612684843115173,136.50786308973173,0.3576213324971956,448,1081,0,12169,1405
Ask_Politics,2022,2,2.785239852398524,0.07723630958426843,7.189542483660131,0.011588242520741495,15,153,1,1355,142
Economics,2022,4,7.128290563317161,0.45181917638622826,271.3973577235772,0.7185619046818329,3674,984,1,51321,261
changemyview,2021,8,3.5482517630502755,0.14304516329565406,110.52052838272046,0.2880837937573269,7802,2801,0,189019,7073
Economics,2022,1,6.6073398278439255,0.40688780603276575,145.80798640611724,0.3825068274003814,2961,1177,0,38802,255
centrist,2022,12,3.375164902073538,0.12811663104816742,22.137404580152673,0.051586093448202266,3011,393,0,29563,103
Ask_Politics,2021,12,2.7448618001417433,0.0737537514524466,7.495798319327731,0.012407729292938294,26,119,0,1411,120
finance,2021,9,6.094416486939852,0.36264878874419093,27.19434628975265,0.06511758038216989,329,849,0,4173,21
finance,2022,12,6.608510638297872,0.4069887870172195,18.544105523495467,0.04197105692470606,162,1213,0,3525,19
Economics,2022,11,7.666184857578281,0.4982119081759359,259.87409024745267,0.6877276668669526,4599,1374,0,63649,1607
Liberal,2022,3,5.304545454545455,0.29452336829393455,61.97517730496454,0.15818496922341957,21,282,0,2200,4
Libertarian,2021,5,4.129020662061205,0.19313577784777305,74.45283700758945,0.19157299284094298,8597,2767,0,127964,545
Libertarian,2021,12,4.03359333992505,0.18490528682285148,82.53932584269663,0.213211015246106,13006,2403,3,163842,510
Ask_Politics,2023,3,1.9391727493917275,0.004264046065825679,4.843373493975903,0.005310306793595564,6,83,0,411,79
Libertarian,2021,2,4.184688895037127,0.19793709555873057,86.323,0.22333546206833196,7998,3000,0,133733,1071
Conservative,2021,10,11.217551626854988,0.8045129932994627,111.45957651588066,0.2905965214638974,9411,12468,0,166241,218
Libertarian,2022,11,6.729963193870653,0.4174639229239917,80.18730158730159,0.20691741185735538,968,630,1,13313,701
Ask_Politics,2021,2,3.6339940689870454,0.15044033339653748,13.191397849462366,0.02764815226969936,115,465,0,6407,456
Conservative,2021,2,8.733396656409647,0.5902576340262272,118.2218384187296,0.30869114541591164,34283,15633,1,303207,862
Economics,2023,3,8.61786310155793,0.5802930047670345,335.2767639902676,0.8894919649604407,5757,1644,0,92302,1657
Liberal,2022,4,6.181984621017942,0.37020143431220254,56.72463768115942,0.14413544830825398,64,276,0,2731,1
finance,2023,1,6.99594411897251,0.44040445575931225,20.938684503901897,0.048378529275872675,350,897,0,4438,13
finance,2022,3,6.567777357061719,0.4034755908159112,44.51016635859519,0.11145167052358297,280,1082,0,5282,21
Conservative,2022,6,10.483277576346579,0.7411827452399024,89.61475085162006,0.23214360861153133,16042,12623,1,214024,312
Economics,2021,6,6.943569019653448,0.43588716684010875,128.57620817843866,0.33639761845019456,2252,1076,2,34396,1532
Liberal,2022,5,5.427070063694267,0.30509096752397996,52.848101265822784,0.13376251841001183,63,316,0,3140,1
socialism,2021,12,9.32066276803119,0.6409086253015068,103.91534391534391,0.27040948140623167,269,1701,0,12312,209
Economics,2022,12,8.491675959853433,0.5694095165373477,310.11192810457516,0.8221552884596505,4925,1224,1,75324,1657
centrist,2022,5,3.1030061571894243,0.10464326873452522,22.112932604735885,0.051520610744501726,5044,549,0,41415,174
finance,2021,6,7.198266281395866,0.4578544973689075,26.143438453713124,0.06230553577719105,338,983,0,4499,6
socialism,2021,5,6.729616400062121,0.41743401237778,99.74583557227297,0.2592526101379258,245,1861,1,12878,1015
changemyview,2022,10,3.595115012598553,0.14708706184390666,60.14992577931717,0.15330091704547674,5465,2021,0,123030,4622
Liberal,2021,4,4.318200924758302,0.20945234651349734,47.275707898658716,0.11885177346399722,68,671,0,4758,2
finance,2023,2,6.9073894804775735,0.4327667253794549,20.935400516795866,0.0483697419037477,150,774,0,3099,10
Ask_Politics,2021,4,3.7325046824450876,0.15893675456582382,14.079691516709511,0.030025069948829922,118,389,0,5873,381
Liberal,2021,1,5.140700902151284,0.2803919739744078,37.379962192816635,0.09237249776535356,88,1058,0,5764,11
Libertarian,2021,3,4.111293903115833,0.19160686634596372,82.34195565662309,0.2126828873286062,10109,3518,0,151356,1089
Ask_Politics,2021,6,3.5455030691219642,0.1428080917714742,12.449056603773585,0.02566177761018651,112,265,0,3747,268
Economics,2021,9,6.420632028321533,0.3907844843230844,144.0923656927427,0.37791612800145397,2721,1061,1,38416,2559
Economics,2022,6,7.185893953387298,0.45678739905416477,282.42191332788224,0.7480616772082308,5414,1223,2,73628,273
Economics,2021,5,6.342084311523936,0.3840098388268155,155.07508833922262,0.40730396288752957,3591,1132,1,48985,1893
Liberal,2021,6,5.230602171767028,0.2881458496584148,56.46636771300449,0.14344436328093593,72,446,0,5065,15
Ask_Politics,2022,11,3.340567612687813,0.12513265671669094,5.073825503355705,0.005926955854016718,2,149,0,599,141
Conservative,2021,3,8.313686359558341,0.5540581289581389,116.94348825475136,0.30527050512890397,26605,17837,0,283114,961
Libertarian,2022,10,6.317605500536176,0.38189857100932345,72.13834586466166,0.18537982146230975,1354,665,0,15853,769
finance,2021,4,9.20209550674995,0.6306823425348962,45.485925925925926,0.1140626315736114,328,675,0,4963,8
Conservative,2021,12,10.721826336743437,0.7617572870744849,108.98849326964829,0.2839843371478981,10177,13818,0,198430,168
centrist,2022,11,3.985559745930925,0.18076244748277961,26.746987951807228,0.0639205281216666,2090,332,0,20152,111
changemyview,2021,12,3.7819225345183827,0.16319898448965875,81.90219829519964,0.211506173944918,7102,2229,0,152455,5384
Liberal,2021,3,4.779389694847424,0.24922931969102505,48.053333333333335,0.12093256240978335,62,600,0,3998,2
changemyview,2022,2,3.8256216868120494,0.16696798347966013,61.830241708825184,0.15779714704985104,5594,1779,1,111109,3985
Liberal,2021,8,4.348054679284963,0.2120271967051575,49.619686800894854,0.12512384890218,122,447,0,3804,15
finance,2021,8,6.3876361793767416,0.38793863229118625,26.511627906976745,0.06329074602128056,322,774,0,3947,15
Ask_Politics,2022,6,2.5606375606375607,0.05786463378812828,5.919540229885057,0.00818993977375843,28,174,0,1443,172
centrist,2022,6,3.3524727165470454,0.12615945751410165,20.491395793499045,0.047181663326431825,4758,523,1,40684,257
Libertarian,2021,10,4.1550051402855415,0.19537690764189566,73.80684931506849,0.18984444334940795,10346,2190,0,146879,497
centrist,2023,1,3.542625829106516,0.14255993330287645,24.047619047619047,0.056697491520781955,3463,399,0,30756,137
socialism,2021,3,6.301514378084057,0.3805107311752126,83.43324538258575,0.2156029867713196,327,1895,0,11754,131
Economics,2023,2,9.394247514184597,0.6472552205871069,376.57545454545453,1.0,4618,1100,0,71204,1075
Economics,2022,3,6.740376957791346,0.41836209745688524,296.3095623987034,0.7852225844792401,3314,1234,0,52738,211
centrist,2022,9,3.478894450104088,0.13706317900711043,22.71014492753623,0.053118645922055036,2486,345,0,22577,83
changemyview,2021,11,3.8844257441171886,0.1720397622432764,79.39328231292517,0.204792755878793,8252,2352,0,160425,5999
socialism,2021,10,9.755333533653847,0.6783984526923315,114.12753807106598,0.29773551752070065,381,1576,0,13312,111
Libertarian,2022,3,4.443818762113221,0.22028673293214335,61.568627450980394,0.15709711329129572,7841,1785,2,103709,426
changemyview,2021,9,3.2933535370816176,0.12106049984559783,95.29715004191115,0.24734870979967502,6872,2386,2,163666,6439
Conservative,2023,3,12.153442864407078,0.8852324796954536,74.15690002236636,0.19078111749833776,12902,8942,0,114062,113
changemyview,2021,3,3.272907675599452,0.11929706904130832,111.15377670779417,0.28977825494133164,6625,3323,7,175869,7316
Ask_Politics,2022,10,2.1161904761904764,0.019531610732372282,2.909090909090909,0.00013450667031456395,8,143,0,525,137
socialism,2022,12,8.677500241103289,0.5854366358654712,116.17177344475395,0.30320553197558375,305,1077,0,10369,1624
Libertarian,2022,1,4.1845554789800135,0.19792558858529707,66.47619047619048,0.17022888912869327,13007,2226,1,145100,481
socialism,2023,1,8.437349096661393,0.5647238903465985,106.76503608660786,0.27803475664088295,347,1247,1,12011,1708
centrist,2021,5,3.1753931661719195,0.11088656063892643,30.756277695716395,0.0746486825872811,4081,677,2,47499,25
socialism,2022,2,8.399754272310958,0.5614813822527607,143.25245901639343,0.37566868540285786,822,1525,1,17906,212
socialism,2022,7,10.727520435967303,0.7622483962401616,195.8316151202749,0.516361262987462,426,1164,1,14680,342
Ask_Politics,2022,5,3.5857946554149085,0.14628319231857723,10.53968253968254,0.020552628309284563,43,126,0,1422,130
Economics,2021,10,7.358192159128928,0.47164791074224544,176.42723004694835,0.4644385400929233,2263,852,0,32879,319
Economics,2022,5,7.402455852299523,0.4754656006995374,317.7477477477477,0.8425873993411295,4187,1110,1,57251,215
changemyview,2022,1,3.706338656211614,0.15667996647566665,73.40689655172413,0.18877424007197557,5223,2030,2,118858,4800
Libertarian,2022,7,6.043416812708463,0.35825012857392574,69.03440366972477,0.17707421786501185,2883,872,1,35378,1145
centrist,2021,12,3.5271870164453563,0.14122835439865214,38.342261904761905,0.09494744260880089,3171,336,0,27789,154
socialism,2023,2,8.78287493513233,0.5945250756754289,106.94555353901997,0.2785177896060505,153,1102,0,9635,1583
Conservative,2022,8,13.101696700703682,0.9670182252689394,81.56180475215805,0.21059534066967375,14488,11237,3,142394,252
Liberal,2022,1,4.732348111658457,0.24517204008212565,45.33783783783784,0.11366637388584012,35,296,0,1827,3
finance,2022,8,6.663340650568749,0.41171780920698514,9.574986164914222,0.017971270417489523,332,3614,0,5011,27
Ask_Politics,2021,10,3.392670157068063,0.12962643810233407,8.446969696969697,0.014952896670306456,19,132,0,1146,135
Liberal,2023,1,4.983339241403757,0.2668197212122341,47.62452107279694,0.11978513619176742,44,261,0,2821,0
Conservative,2023,1,11.738343784930754,0.8494306865443423,89.55888252148998,0.2319941147825353,11442,6980,1,105566,105
Liberal,2023,2,4.73924131335671,0.24576657038477315,43.97003745318352,0.11000638053490039,83,267,0,3137,1
Ask_Politics,2022,8,2.7697777777777777,0.07590272436418706,7.178807947019868,0.01155951878797349,9,151,0,1125,146
Conservative,2021,4,8.465783548326003,0.5671763273843918,124.8989953678638,0.3265580434744237,28605,16623,0,285126,2602
centrist,2021,4,3.776569564470898,0.16273729730252762,27.464939024390244,0.06584163896608122,2853,656,0,34946,69
finance,2022,6,7.56239580852584,0.4892602283258774,46.92972350230415,0.11792598004823747,616,868,0,8398,14
centrist,2022,7,3.269997119262531,0.11904603708031107,25.49112426035503,0.06056005768170299,4811,507,0,41656,121
finance,2021,5,7.4243421052631575,0.47735326352559204,33.47866666666667,0.08193331683957214,231,750,0,3648,11
Liberal,2021,12,4.314270994332818,0.20911339477125562,28.8975,0.0696749202726021,36,400,0,1941,4
Libertarian,2023,1,6.553826100291366,0.40227231180666756,90.36186770428016,0.23414276195568107,1244,514,0,13042,329
finance,2022,7,6.580541753486136,0.4045765045569445,45.14942528735632,0.11316221502630726,367,783,0,6239,6
changemyview,2022,7,3.638739355331219,0.1508496085998244,53.4521852012116,0.1353789408147265,8216,2311,0,151954,5321
finance,2021,3,7.738464679461004,0.5044459553227256,46.07593307593308,0.11564138697554005,268,777,0,4898,8
finance,2021,7,7.546689303904923,0.4879055613141499,23.420570264765786,0.05501961922179309,332,982,0,4123,10
Ask_Politics,2021,8,3.292490118577075,0.12098603104469982,9.151351351351352,0.01683769813730731,34,185,1,2024,182
Ask_Politics,2021,7,3.6076481835564054,0.14816803266833398,13.873170731707317,0.029472456637400044,62,205,0,2615,201
Conservative,2022,10,12.713925615904119,0.9335734385797224,99.39622270312807,0.2583171075669153,12286,10166,0,147182,157
Economics,2022,8,6.828545012498716,0.4259664854530026,66.63995535714285,0.1706670951579704,4662,4480,1,58406,2485
Economics,2021,2,5.41560205930022,0.3041018660263575,138.58679525222553,0.3631841894587434,3319,1348,0,41956,1823
Liberal,2022,10,5.67398195562058,0.32638681932988506,54.87116564417178,0.13917588300352426,106,326,0,4101,5
Conservative,2021,7,9.710708860898318,0.6745496286827842,109.07124314969714,0.28420576127832514,17028,13868,1,182363,469
centrist,2022,2,3.540766309975837,0.14239955202869706,31.51685393258427,0.07668385087722329,3388,445,0,28970,160
socialism,2022,5,8.823041101437537,0.5979893589004033,178.40116279069767,0.469720437070274,476,1376,0,14817,215
Libertarian,2022,4,4.417013775836711,0.21797483531169895,57.60535346602608,0.14649208890643184,7161,1457,5,89069,529
Libertarian,2021,8,3.825611363697506,0.1669670931235263,73.2953813104189,0.1884758448921784,14290,2793,1,185855,838
Liberal,2021,7,5.042161277118297,0.27189305059189933,54.570422535211264,0.13837114731878133,76,426,0,4886,11
finance,2021,12,6.7369348209042865,0.4180652173168864,33.436144578313254,0.08181953520711492,391,830,0,5109,9
socialism,2022,11,8.55290437890974,0.5746903935674509,146.2831267874166,0.38377821952442887,318,1049,0,11190,1503
Economics,2021,11,7.252993785053812,0.4625746783148887,176.98431372549018,0.4659291980736165,2362,765,0,32985,200
Libertarian,2022,9,6.282619647355164,0.3788810835208377,86.0,0.22247117085623944,1789,599,1,19850,704
Ask_Politics,2023,1,2.9797979797979797,0.09401671257097312,3.66,0.002143807377290209,1,100,1,396,94
Liberal,2022,7,5.643214509068168,0.3237331643069758,55.73746312684366,0.14149394275996763,99,339,0,3198,2
finance,2022,10,7.548584298584299,0.4880690023114632,32.62212765957447,0.07964136904810382,362,1175,0,6216,8
centrist,2021,8,3.3953695203121415,0.12985925491471087,33.345631067961165,0.08157733696695096,4313,515,0,34856,212
centrist,2021,9,3.3050842680795895,0.12207226119479321,32.15211970074813,0.07838371038424263,4288,401,0,35482,168
finance,2021,10,7.015916808149406,0.44212707602502027,32.35912240184758,0.0789376132184212,353,866,0,4712,9
Libertarian,2023,2,6.106385737439222,0.36368112211166764,67.88848263254113,0.17400793463841804,1263,547,0,15425,355
Ask_Politics,2021,1,3.847379859937213,0.16884459957467995,9.099318403115872,0.016698467115947583,107,1027,3,8282,950
Libertarian,2022,2,4.264534542753255,0.20482368602565157,70.85999093792479,0.18195916843099738,10909,2207,4,127885,414
Ask_Politics,2021,3,3.483548387096774,0.13746457543940474,14.133165829145728,0.03016815780737888,165,398,0,6200,410
Ask_Politics,2022,9,2.8963317384370018,0.08681785028470562,5.269230769230769,0.006449825990525777,3,130,0,627,127
changemyview,2022,3,3.6422019998561255,0.15114825749876423,55.89816602316602,0.1419239554567145,4632,2072,1,111208,4352
changemyview,2022,12,3.5537818376577004,0.14352212553670507,52.263916500994036,0.13219934268716405,5984,2012,0,134432,4492
Ask_Politics,2022,4,2.815165876777251,0.07981739296319078,5.975806451612903,0.008340498290715174,20,124,0,1055,116
Liberal,2022,8,6.47094383775351,0.3951238169870213,63.33734939759036,0.16182990225442334,131,332,0,5128,4
socialism,2021,6,8.556142909223478,0.5749697128869549,90.37862202189311,0.23418759356397048,235,1553,0,10972,191
Liberal,2021,11,3.423121387283237,0.13225281984891832,41.65714285714286,0.10381748123504189,101,350,0,2595,5
Conservative,2021,11,13.0776043715847,0.9649402910448153,134.06718524127487,0.3510905076799503,6275,14527,1,228750,160
Liberal,2022,6,6.217480368726528,0.3732628995864933,50.521246458923514,0.12753626404029558,71,353,0,2929,7
finance,2022,2,6.861578832276405,0.4288156124232766,53.676883780332055,0.13598019470730696,311,783,0,4573,13
centrist,2021,10,3.355771188165841,0.1264439466986113,31.98280098280098,0.07793064326360952,3386,407,2,29474,171
socialism,2022,3,8.178556049949764,0.5424033033219191,123.47683109118087,0.3227525819063462,587,1338,1,13934,209
Libertarian,2021,7,3.8212598477369255,0.1665917801391877,78.26485922836288,0.20177329409702968,11137,2877,3,150923,632
socialism,2022,9,10.864723141269742,0.7740819634964604,145.55011655011654,0.38181681300284276,600,1287,1,16019,1621
centrist,2022,10,3.348684416356412,0.12583272120818048,22.86078886310905,0.0535217426083418,4349,431,0,31963,124
Ask_Politics,2022,3,3.028787878787879,0.09824203205937793,6.516129032258065,0.009786306520271775,20,186,0,1320,178
Conservative,2022,7,11.605408504343286,0.837965179504236,94.82356252513068,0.2460814728680648,12685,12435,0,195359,254
changemyview,2022,11,3.5743972652033107,0.14530018120871666,58.34344967121902,0.14846710458391515,5703,1977,0,122276,4093
Liberal,2022,2,5.03603133159269,0.27136435021026456,44.65423728813559,0.11183717900135316,29,295,0,1915,13
finance,2022,11,7.599340866290019,0.49244669483815606,25.475019825535288,0.06051696504550975,343,1261,0,6372,7
socialism,2021,8,8.825048796356539,0.5981625201569671,100.12744479495268,0.26027372932559,343,1585,0,15370,118
changemyview,2022,4,3.724238004524348,0.1582237636015014,56.78048780487805,0.1442848934200939,5992,2050,0,134384,4912
changemyview,2023,1,3.235673117473408,0.1160856334732425,42.100733496332516,0.10500445179608876,5543,2045,0,128046,4093
Ask_Politics,2021,11,3.1106194690265485,0.10529990766499814,7.675925925925926,0.012889719099248152,0,108,0,678,97
Conservative,2021,5,8.720908885829191,0.5891805789293958,119.68355250372481,0.3126024353176245,27489,15437,0,257106,2342
Ask_Politics,2023,2,1.8897338403041826,0.0,2.8588235294117648,0.0,0,85,0,263,77
Libertarian,2022,5,4.587711996148716,0.23269735019316545,77.0908396946565,0.19863182423384879,7382,1310,3,99707,1332
changemyview,2021,1,3.1703353336579383,0.11045032870681286,118.695751354434,0.30995925311134903,4752,3507,6,158141,7974
Libertarian,2021,1,4.768598984608292,0.24829863399443816,124.89748201438849,0.3265539940065924,10109,4448,3,186529,1765
changemyview,2021,4,3.418679941902365,0.131869750560934,116.98711189220856,0.3053872343130952,6463,3414,7,180386,7548
Liberal,2023,3,4.794380981784501,0.25052230004325154,50.0314465408805,0.1262256455732732,54,318,0,3239,4
Libertarian,2021,11,4.417106913895699,0.21798286835654834,65.97818791946308,0.16889632184268982,14336,2384,2,173766,600
Ask_Politics,2021,5,3.1032566754128723,0.10466487562805961,13.223587223587224,0.027734285375516306,157,407,2,6479,417
Economics,2021,7,7.190484003281378,0.457183285301536,110.50053248136315,0.28803028824085325,2017,939,2,24380,1310
changemyview,2021,7,3.5925763180865404,0.14686810251519025,100.43019135364989,0.26108382588959395,6708,2822,0,168407,7152
Economics,2022,10,7.705772811918063,0.501626321318785,237.0075329566855,0.6265407798167332,5337,1593,0,73032,1626
Libertarian,2021,4,4.19419093665961,0.1987566351469912,79.00587689452522,0.2037561270904335,9999,3233,3,139816,684
Libertarian,2021,9,3.770056942030516,0.1621755915002021,80.37622377622378,0.20742293441975393,14782,2860,0,208282,742
centrist,2023,2,3.691077014747505,0.15536366837273233,23.35175879396985,0.05483549182395999,4310,398,1,33565,161
changemyview,2022,6,3.5119187452497753,0.1399114844894033,49.97457992244722,0.12607348050029085,6801,2321,0,144730,5449
centrist,2022,3,3.2975037821482602,0.12141845345896121,28.96505376344086,0.06985568226667552,2865,372,0,26440,139
Economics,2021,4,6.042580118391508,0.3581779647018591,153.3786941580756,0.4027647103085503,3725,1455,1,48990,2106
Liberal,2021,5,5.02756183745583,0.2706338665927992,39.73790322580645,0.09868193341069574,40,744,0,4245,47
Economics,2022,2,7.006986268369068,0.44135682777887436,313.80555555555554,0.8320387861272237,2432,936,2,37359,174
centrist,2022,1,3.3165504155642855,0.12306120253623175,31.0479302832244,0.07542909363485764,4604,459,0,37419,230
changemyview,2021,2,3.2483751988153347,0.11718117261383984,113.49092708677004,0.2960320584518196,4931,3031,5,145864,5658
finance,2022,1,6.735209923664122,0.41791644701781183,32.12090395480226,0.07830018253625524,522,885,0,6288,11
Conservative,2021,8,10.928025426456388,0.7795417089700087,102.11962689974561,0.26560445838460106,14469,15331,0,198848,471
Ask_Politics,2021,9,3.1264367816091956,0.10666413172929819,9.375,0.017436142600537656,30,176,0,1566,176
Conservative,2021,1,11.72170781893004,0.8479958546136672,125.39626855255199,0.32788865908908393,43804,21493,2,355752,2368
centrist,2021,11,3.5180787549473402,0.14044277786947845,38.3598233995585,0.09499443408132073,2947,453,1,29814,255
changemyview,2021,6,3.4455914293384096,0.13419083377747473,99.8972303206997,0.25965771586740627,6795,2744,1,163908,7018
socialism,2021,1,7.825640440463285,0.511964759187894,96.71775223499361,0.2511499915066737,430,2349,2,17527,426
Economics,2023,1,9.749233644859814,0.6778723446674131,364.0914681014604,0.966595047134902,5358,1301,1,80250,1438
changemyview,2022,9,3.665077851922466,0.15312127204957404,67.313769751693,0.172470104011813,5468,1772,0,116439,4054
Conservative,2021,6,9.626235554462749,0.6672639082528279,122.65234967155129,0.3205464145827566,18903,13853,1,203350,1641
Economics,2022,7,7.600919264588329,0.49258282978082435,282.11544585987264,0.7472416241450947,4540,1256,0,60048,228
Liberal,2022,11,5.7297340340818605,0.3311953686124645,62.69806094182825,0.1601192787426357,134,361,0,6279,5
finance,2021,1,7.623224598095833,0.4945066377965146,53.139240506329116,0.13454155583126545,285,948,0,6407,12
socialism,2021,4,6.039493193152716,0.3579117211365599,85.80676855895196,0.22195411749277874,612,1832,0,14838,170
Conservative,2022,1,10.585335386224326,0.7499851078067097,108.7431520991053,0.2833278473099266,10115,14530,3,206538,180
Liberal,2022,12,4.9961355529131986,0.2679233875907193,52.29299363057325,0.13227714797375287,86,314,0,3364,1
Libertarian,2022,8,6.119398853074945,0.36480348758361575,69.36063408190225,0.1779471530921398,2343,757,0,25285,1003
centrist,2021,6,3.308731056322099,0.1223867922664808,24.430939226519335,0.05772318892648246,4132,724,0,44210,41
finance,2023,3,7.307255447380621,0.4672546810099336,36.9831595829992,0.09131072374491828,574,1247,0,8628,14
socialism,2022,8,10.475330277702884,0.7404973003516347,183.28846153846155,0.4827979892639683,673,1144,0,14836,771
Libertarian,2021,6,3.980707692089373,0.1803439637120798,87.44502617801047,0.22633780685282806,8748,2674,1,140937,630
Ask_Politics,2022,12,2.471223021582734,0.05015273802584086,4.25,0.0037225436470567867,7,96,0,556,94
