word,tfidf_value
baathism,99.91752355387538
sunscreen,99.91752355387538
stormcloaks,99.9059313812928
subjectivism,99.9059313812928
breakdancing,99.9059313812928
thalmor,99.9059313812928
mdici,99.9059313812928
neopaganism,99.9059313812928
haganah,99.9059313812928
akilensai,99.9059313812928
rosenquist,99.9059313812928
fivenation,99.9059313812928
magnetosphere,99.9059313812928
deafhh,99.9059313812928
aznidentity,99.9059313812928
metagaming,99.9059313812928
douchebaggery,99.9059313812928
httpsyoutubextliucpfit,99.9059313812928
plussized,99.9059313812928
httpsyoutubeapjnwkcuqkct,99.9059313812928
trosko,99.9059313812928
schefter,99.9059313812928
jeantel,99.9059313812928
pillmonger,99.9059313812928
gummer,99.9059313812928
msl,99.9059313812928
manoeuvre,99.9059313812928
youidiot,99.9059313812928
httpsapplegwagovbillsummarybillnumberampyear,98.85747623296793
noncognitivism,96.66221051642748
raglin,96.66221051642748
bootcamps,96.66221051642748
daredevil,96.66221051642748
ussf,96.66221051642748
holochain,96.66221051642748
wreckit,96.66221051642748
opossum,96.66221051642748
desmon,95.54795321184007
ampnbsp,94.92509149107607
mythic,94.36075393681324
reddiquette,94.36075393681324
extinguishment,94.36075393681324
transporter,94.36075393681324
strategy,93.89595628605625
joness,92.57560552629955
barbell,92.57560552629955
wizard,92.4956297049722
hv,91.11703307194792
menthols,91.11703307194792
lowwage,9.962512778353345
jamaican,9.962512778353345
comparative,9.962512778353345
grammy,9.962512778353345
perp,9.962512778353345
meltdowns,9.962512778353345
uncontrolled,9.962512778353345
prematurely,9.962512778353345
cheapen,9.962512778353345
enormously,9.962512778353345
diagram,9.962512778353345
piggy,9.962512778353345
darpa,9.962512778353345
wrongthink,9.962512778353345
flack,9.962512778353345
leopard,9.962512778353345
vermin,9.962512778353345
sightings,9.962512778353345
granny,9.962512778353345
elijah,9.962512778353345
afro,9.962512778353345
treadmill,9.962512778353345
restock,9.962512778353345
molecule,9.962512778353345
incapacitate,9.962512778353345
chronically,9.962512778353345
resettlement,9.962512778353345
gorgeous,9.962512778353345
goebbels,9.962512778353345
knot,9.962512778353345
masterclass,9.962512778353345
installment,9.962512778353345
houthis,9.962512778353345
mandarin,9.962512778353345
listings,9.962512778353345
abigail,9.962512778353345
unpopularopinion,9.962512778353345
antibiotic,9.962512778353345
zodiac,9.962512778353345
inter,9.962512778353345
megadonor,9.962512778353345
boondoggle,9.962512778353345
rewrote,9.962512778353345
launcher,9.962512778353345
mandola,9.962512778353345
alcindor,9.962512778353345
cmvwhy,9.962512778353345
gilded,9.962512778353345
jamaal,9.962512778353345
apr,9.962512778353345
panda,9.962512778353345
