,value,date
0,6.333333333333333,2021-01
1,6.2,2021-02
2,6.05,2021-03
3,6.066666666666666,2021-04
4,5.8,2021-05
5,5.9,2021-06
6,5.4,2021-07
7,5.2,2021-08
8,4.766666666666667,2021-09
9,4.55,2021-10
10,4.2,2021-11
11,3.9,2021-12
12,4.0,2022-01
13,3.8,2022-02
14,3.6,2022-03
15,3.6,2022-04
16,3.6,2022-05
17,3.6,2022-06
18,3.5,2022-07
19,3.7,2022-08
20,3.5,2022-09
21,3.7,2022-10
22,3.6500000000000004,2022-11
23,3.5,2022-12
24,3.4,2023-01
25,3.6,2023-02
26,3.5,2023-03
27,3.4,2023-04
28,3.7,2023-05
29,3.6,2023-06
30,3.5,2023-07
31,3.8,2023-08
32,3.8,2023-09
33,3.9,2023-10
