word,word_count
people,3916872
like,2429385
say,2388813
get,2383236
think,2212302
make,2115777
one,1888808
go,1781651
right,1445870
want,1397684
thing,1339853
even,1325828
know,1316840
see,1286220
well,1230990
use,1103977
good,1099038
time,1098476
mean,1096306
take,1081901
also,1048350
way,1040920
need,1022922
point,1000514
work,977362
gt,971818
that,950934
state,938986
we,927029
year,828483
government,828131
someone,817406
really,803628
give,800024
much,795390
still,787492
doesnt,766551
bad,764030
try,741151
woman,728446
person,711047
life,710410
change,698082
something,689674
many,679655
come,676012
man,665790
trump,655714
actually,652720
look,650575
vote,644104
country,627094
isnt,626759
remove,621934
believe,621335
leave,598543
never,595830
comment,593460
pay,583674
post,573795
law,572163
reason,565496
happen,559062
cant,555778
lot,551015
issue,544523
problem,544127
sure,536220
agree,526969
call,523919
every,521351
talk,519794
feel,519225
first,508980
find,507476
tell,506620
child,506417
money,504222
argument,504091
live,500994
seem,497781
without,495514
anything,493885
fact,488159
different,485563
back,485471
understand,478682
question,477830
world,477270
view,472198
let,465297
case,464988
long,455610
everyone,453314
support,452290
care,447834
re,435370
yes,433362
wrong,428341
keep,427201
